word;freq;p
the;9243;18
and;5196;17
to;4951;17
a;4506;16
in;2822;15
is;2699;15
you;2041;14
are;1843;14
for;1752;14
that;1743;14
or;1487;14
it;1386;14
as;1363;13
be;1145;13
on;1087;13
your;1067;13
with;1062;13
can;895;13
have;891;13
this;864;12
an;754;12
by;706;12
not;658;12
but;626;12
at;624;12
from;622;12
I;621;12
they;617;12
more;597;12
will;577;12
if;546;11
some;501;11
there;470;11
what;461;11
about;451;11
which;449;11
when;442;11
one;441;11
their;439;11
all;438;11
also;419;11
how;412;11
many;397;11
do;389;11
has;384;11
most;378;11
people;372;11
other;369;11
time;369;11
so;352;11
was;352;11
we;352;11
these;344;11
may;336;10
like;324;10
use;319;10
into;301;10
than;301;10
up;296;10
out;294;10
who;281;10
them;269;10
make;262;10
because;248;10
such;236;10
through;235;10
get;233;10
work;224;10
even;223;10
different;215;10
its;215;10
no;213;10
our;213;10
new;210;10
film;209;10
just;208;10
only;208;10
see;204;10
used;204;10
good;201;9
water;201;9
been;200;9
need;193;9
should;191;9
very;191;9
any;190;9
history;187;9
often;187;9
way;185;9
well;184;9
art;183;9
know;181;9
were;180;9
then;179;9
my;177;9
first;176;9
would;176;9
money;174;9
each;173;9
over;170;9
world;169;9
information;168;9
map;167;9
find;166;9
where;166;9
much;165;9
take;164;9
two;164;9
want;163;9
important;160;9
family;159;9
those;156;9
example;147;9
while;147;9
he;144;9
look;144;9
government;143;9
before;141;9
help;141;9
between;137;9
go;131;9
own;130;9
however;128;9
business;127;9
us;127;9
great;126;9
his;125;9
being;124;9
another;123;9
health;122;9
same;120;9
study;118;8
why;118;8
few;117;8
game;117;8
might;116;8
think;116;8
free;115;8
too;114;8
had;113;8
hi;113;8
right;113;8
still;112;8
system;111;8
after;110;8
computer;109;8
best;108;8
must;108;8
her;107;8
life;107;8
since;107;8
could;105;8
does;104;8
now;104;8
during;103;8
learn;102;8
around;101;8
usually;101;8
form;99;8
meat;99;8
air;98;8
day;98;8
place;98;8
become;97;8
number;97;8
public;97;8
read;97;8
keep;96;8
part;96;8
start;96;8
year;96;8
every;95;8
field;95;8
large;95;8
once;95;8
available;94;8
down;94;8
give;93;8
fish;92;8
human;92;8
both;91;8
local;90;8
sure;90;8
something;89;8
without;89;8
come;88;8
me;88;8
back;86;8
better;86;8
general;85;8
process;85;8
she;85;8
heat;84;8
thanks;84;8
specific;83;8
enough;82;8
long;82;8
lot;82;8
hand;81;8
popular;81;8
small;81;8
though;81;8
experience;80;8
include;80;8
job;80;8
music;80;8
person;80;8
really;79;8
although;78;8
thank;78;8
book;77;8
early;77;8
reading;77;8
end;76;8
method;76;8
never;76;8
less;75;8
play;75;8
able;74;8
data;74;8
feel;74;8
high;74;8
off;74;8
point;74;8
type;74;8
whether;74;8
food;73;8
understanding;73;8
here;72;8
home;72;8
certain;71;8
economy;71;8
little;71;8
theory;71;8
tonight;71;8
law;70;8
put;70;8
under;70;8
value;70;8
always;69;8
body;69;8
common;69;8
market;69;8
set;69;8
bird;68;8
guide;68;8
provide;68;8
change;67;7
interest;67;7
literature;67;7
sometimes;67;7
problem;66;7
say;66;7
next;64;7
create;63;7
simple;63;7
software;63;7
state;63;7
together;63;7
control;62;7
knowledge;62;7
power;62;7
radio;62;7
ability;61;7
basic;61;7
course;61;7
economics;61;7
hard;61;7
add;60;7
company;60;7
known;60;7
love;60;7
past;60;7
price;60;7
size;60;7
away;59;7
big;59;7
internet;59;7
possible;59;7
television;59;7
three;59;7
understand;59;7
various;59;7
yourself;59;7
card;58;7
difficult;58;7
including;58;7
list;58;7
mind;58;7
particular;58;7
real;58;7
science;58;7
trade;58;7
consider;57;7
either;57;7
library;57;7
likely;57;7
nature;57;7
fact;56;7
line;56;7
product;56;7
care;55;7
group;55;7
idea;55;7
risk;55;7
several;55;7
someone;55;7
temperature;55;7
united;55;7
word;55;7
fat;54;7
force;54;7
key;54;7
light;54;7
simply;54;7
today;54;7
training;54;7
until;54;7
major;53;7
name;53;7
personal;53;7
school;53;7
top;53;7
current;52;7
generally;52;7
historical;52;7
investment;52;7
left;52;7
national;52;7
amount;51;7
level;51;7
order;51;7
practice;51;7
research;51;7
sense;51;7
service;51;7
area;50;7
cut;50;7
hot;50;7
instead;50;7
least;50;7
natural;50;7
physical;50;7
piece;50;7
show;50;7
society;50;7
try;50;7
check;49;7
choose;49;7
develop;49;7
second;49;7
useful;49;7
web;49;7
activity;48;7
boss;48;7
short;48;7
story;48;7
call;47;7
industry;47;7
last;47;7
media;47;7
mental;47;7
move;47;7
pay;47;7
sport;47;7
thing;47;7
actually;46;7
against;46;7
far;46;7
fun;46;7
house;46;7
let;46;7
page;46;7
remember;46;7
term;46;7
test;46;7
within;46;7
along;45;7
answer;45;7
increase;45;7
oven;45;7
quite;45;7
scared;45;7
single;45;7
sound;45;7
again;44;7
community;44;7
definition;44;7
focus;44;7
individual;44;7
matter;44;7
safety;44;7
turn;44;7
everything;43;7
kind;43;7
quality;43;7
soil;43;7
ask;42;7
board;42;7
buy;42;7
development;42;7
guard;42;7
hold;42;7
language;42;7
later;42;7
main;42;7
offer;42;7
oil;42;7
picture;42;7
potential;42;7
professional;42;7
rather;42;7
access;41;7
additional;41;7
almost;41;7
especially;41;7
garden;41;7
international;41;7
lower;41;7
management;41;7
open;41;7
player;41;7
range;41;7
rate;41;7
reason;41;7
travel;41;7
variety;41;7
video;41;7
week;41;7
above;40;7
according;40;7
cook;40;7
determine;40;7
future;40;7
site;40;7
alternative;39;7
demand;39;7
ever;39;7
exercise;39;7
following;39;7
image;39;7
quickly;39;7
special;39;7
working;39;7
case;38;7
cause;38;7
coast;38;7
probably;38;7
security;38;7
true;38;7
whole;38;7
action;37;7
age;37;7
among;37;7
bad;37;7
boat;37;7
country;37;7
dance;37;7
exam;37;7
excuse;37;7
grow;37;7
movie;37;7
organization;37;7
record;37;7
result;37;7
section;37;7
across;36;6
already;36;6
below;36;6
building;36;6
mouse;36;6
allow;35;6
cash;35;6
class;35;6
clear;35;6
dry;35;6
easy;35;6
emotional;35;6
equipment;35;6
live;35;6
nothing;35;6
period;35;6
physics;35;6
plan;35;6
store;35;6
tax;35;6
analysis;34;6
cold;34;6
commercial;34;6
directly;34;6
full;34;6
involved;34;6
itself;34;6
low;34;6
old;34;6
policy;34;6
political;34;6
purchase;34;6
series;34;6
side;34;6
subject;34;6
supply;34;6
therefore;34;6
thought;34;6
basis;33;6
boyfriend;33;6
deal;33;6
direction;33;6
mean;33;6
primary;33;6
space;33;6
strategy;33;6
technology;33;6
worth;33;6
army;32;6
camera;32;6
fall;32;6
freedom;32;6
paper;32;6
rule;32;6
similar;32;6
stock;32;6
weather;32;6
yet;32;6
bring;31;6
chance;31;6
environment;31;6
everyone;31;6
figure;31;6
improve;31;6
man;31;6
model;31;6
necessary;31;6
positive;31;6
produce;31;6
search;31;6
source;31;6
beginning;30;6
child;30;6
earth;30;6
else;30;6
healthy;30;6
instance;30;6
maintain;30;6
month;30;6
present;30;6
program;30;6
spend;30;6
talk;30;6
truth;30;6
upset;30;6
begin;29;6
chicken;29;6
close;29;6
creative;29;6
design;29;6
feature;29;6
financial;29;6
head;29;6
marketing;29;6
material;29;6
medical;29;6
purpose;29;6
question;29;6
rock;29;6
salt;29;6
tell;29;6
themselves;29;6
traditional;29;6
university;29;6
writing;29;6
act;28;6
article;28;6
birth;28;6
car;28;6
cost;28;6
department;28;6
difference;28;6
dog;28;6
drive;28;6
exist;28;6
federal;28;6
goal;28;6
green;28;6
late;28;6
news;28;6
object;28;6
scale;28;6
sun;28;6
support;28;6
tend;28;6
thus;28;6
audience;27;6
enjoy;27;6
entire;27;6
fishing;27;6
fit;27;6
glad;27;6
growth;27;6
income;27;6
marriage;27;6
note;27;6
perform;27;6
profit;27;6
proper;27;6
related;27;6
remove;27;6
rent;27;6
return;27;6
run;27;6
speed;27;6
strong;27;6
style;27;6
throughout;27;6
user;27;6
war;27;6
actual;26;6
appropriate;26;6
bank;26;6
combination;26;6
complex;26;6
content;26;6
craft;26;6
due;26;6
easily;26;6
effective;26;6
eventually;26;6
exactly;26;6
failure;26;6
half;26;6
inside;26;6
meaning;26;6
medicine;26;6
middle;26;6
outside;26;6
philosophy;26;6
regular;26;6
reserve;26;6
standard;26;6
bus;25;6
decide;25;6
exchange;25;6
eye;25;6
fast;25;6
fire;25;6
identify;25;6
independent;25;6
leave;25;6
original;25;6
position;25;6
pressure;25;6
reach;25;6
rest;25;6
serve;25;6
stress;25;6
teacher;25;6
watch;25;6
wide;25;6
advantage;24;6
beautiful;24;6
benefit;24;6
box;24;6
charge;24;6
communication;24;6
complete;24;6
continue;24;6
frame;24;6
issue;24;6
limited;24;6
night;24;6
protect;24;6
require;24;6
significant;24;6
step;24;6
successful;24;6
unless;24;6
active;23;6
break;23;6
chemistry;23;6
cycle;23;6
disease;23;6
disk;23;6
electrical;23;6
energy;23;6
expensive;23;6
face;23;6
interested;23;6
item;23;6
metal;23;6
nation;23;6
negative;23;6
occur;23;6
paint;23;6
pregnant;23;6
review;23;6
road;23;6
role;23;6
room;23;6
safe;23;6
screen;23;6
soup;23;6
stay;23;6
structure;23;6
view;23;6
visit;23;6
visual;23;6
write;23;6
wrong;23;6
account;22;6
advertising;22;6
affect;22;6
ago;22;6
anyone;22;6
approach;22;6
avoid;22;6
ball;22;6
behind;22;6
certainly;22;6
concerned;22;6
cover;22;6
discipline;22;6
location;22;6
medium;22;6
normally;22;6
prepare;22;6
quick;22;6
ready;22;6
report;22;6
rise;22;6
share;22;6
success;22;6
addition;21;6
apartment;21;6
balance;21;6
bit;21;6
black;21;6
bottom;21;6
build;21;6
choice;21;6
education;21;6
gift;21;6
impact;21;6
machine;21;6
math;21;6
moment;21;6
painting;21;6
politics;21;6
shape;21;6
straight;21;6
tool;21;6
walk;21;6
white;21;6
wind;21;6
achieve;20;6
address;20;6
attention;20;6
average;20;6
believe;20;6
beyond;20;6
career;20;6
culture;20;6
decision;20;6
direct;20;6
event;20;6
excellent;20;6
extra;20;6
intelligent;20;6
interesting;20;6
junior;20;6
morning;20;6
pick;20;6
poor;20;6
pot;20;6
pretty;20;6
property;20;6
receive;20;6
seem;20;6
shopping;20;6
sign;20;6
student;20;6
table;20;6
task;20;6
unique;20;6
wood;20;6
anything;19;6
classic;19;6
competition;19;6
condition;19;6
contact;19;6
credit;19;6
currently;19;6
discuss;19;6
distribution;19;6
egg;19;6
entertainment;19;6
final;19;6
happy;19;6
hope;19;6
ice;19;6
lift;19;6
mix;19;6
network;19;6
north;19;6
office;19;6
overall;19;6
population;19;6
president;19;6
private;19;6
realize;19;6
responsible;19;6
separate;19;6
square;19;6
stop;19;6
teach;19;6
unit;19;6
western;19;6
yes;19;6
alone;18;5
attempt;18;5
category;18;5
cigarette;18;5
concern;18;5
contain;18;5
context;18;5
cute;18;5
date;18;5
effect;18;5
extremely;18;5
familiar;18;5
finally;18;5
fly;18;5
follow;18;5
helpful;18;5
introduction;18;5
link;18;5
official;18;5
opportunity;18;5
perfect;18;5
performance;18;5
post;18;5
recent;18;5
refer;18;5
solve;18;5
star;18;5
voice;18;5
willing;18;5
born;17;5
bright;17;5
broad;17;5
capital;17;5
challenge;17;5
comfortable;17;5
constantly;17;5
describe;17;5
despite;17;5
driver;17;5
flat;17;5
flight;17;5
friend;17;5
gain;17;5
him;17;5
length;17;5
magazine;17;5
maybe;17;5
newspaper;17;5
nice;17;5
prefer;17;5
prevent;17;5
properly;17;5
relationship;17;5
rich;17;5
save;17;5
self;17;5
shot;17;5
soon;17;5
specifically;17;5
stand;17;5
teaching;17;5
warm;17;5
wonderful;17;5
young;17;5
ahead;16;5
brush;16;5
cell;16;5
couple;16;5
daily;16;5
dealer;16;5
debate;16;5
discover;16;5
ensure;16;5
exit;16;5
expect;16;5
experienced;16;5
fail;16;5
finding;16;5
front;16;5
function;16;5
heavy;16;5
hello;16;5
highly;16;5
immediately;16;5
impossible;16;5
invest;16;5
lack;16;5
lake;16;5
lead;16;5
listen;16;5
living;16;5
member;16;5
message;16;5
phone;16;5
plant;16;5
plastic;16;5
reduce;16;5
relatively;16;5
scene;16;5
serious;16;5
slowly;16;5
speak;16;5
spot;16;5
summer;16;5
taste;16;5
theme;16;5
towards;16;5
track;16;5
valuable;16;5
whatever;16;5
wing;16;5
worry;16;5
appear;15;5
appearance;15;5
association;15;5
brain;15;5
button;15;5
click;15;5
concept;15;5
correct;15;5
customer;15;5
death;15;5
desire;15;5
discussion;15;5
explain;15;5
explore;15;5
express;15;5
fairly;15;5
fixed;15;5
foot;15;5
gas;15;5
handle;15;5
housing;15;5
huge;15;5
inflation;15;5
influence;15;5
insurance;15;5
involve;15;5
leading;15;5
lose;15;5
meet;15;5
mood;15;5
notice;15;5
primarily;15;5
rain;15;5
rare;15;5
release;15;5
sell;15;5
slow;15;5
technical;15;5
typical;15;5
upon;15;5
wall;15;5
woman;15;5
advice;14;5
afford;14;5
agree;14;5
base;14;5
blood;14;5
clean;14;5
competitive;14;5
completely;14;5
critical;14;5
damage;14;5
distance;14;5
effort;14;5
electronic;14;5
expression;14;5
feeling;14;5
finish;14;5
fresh;14;5
hear;14;5
immediate;14;5
importance;14;5
normal;14;5
opinion;14;5
otherwise;14;5
pair;14;5
payment;14;5
plus;14;5
press;14;5
reality;14;5
remain;14;5
represent;14;5
responsibility;14;5
ride;14;5
savings;14;5
secret;14;5
situation;14;5
skill;14;5
spread;14;5
spring;14;5
staff;14;5
statement;14;5
sugar;14;5
target;14;5
text;14;5
tough;14;5
ultimately;14;5
wait;14;5
wealth;14;5
whenever;14;5
whose;14;5
widely;14;5
animal;13;5
application;13;5
apply;13;5
author;13;5
aware;13;5
brown;13;5
budget;13;5
cheap;13;5
city;13;5
complicated;13;5
county;13;5
deep;13;5
depth;13;5
discount;13;5
display;13;5
educational;13;5
environmental;13;5
estate;13;5
file;13;5
flow;13;5
forget;13;5
foundation;13;5
global;13;5
grandmother;13;5
ground;13;5
heart;13;5
hit;13;5
legal;13;5
lesson;13;5
minute;13;5
near;13;5
objective;13;5
officer;13;5
perspective;13;5
phase;13;5
photo;13;5
recently;13;5
recipe;13;5
recommend;13;5
reference;13;5
register;13;5
relevant;13;5
rely;13;5
secure;13;5
seriously;13;5
shoot;13;5
sky;13;5
stage;13;5
stick;13;5
studio;13;5
thin;13;5
title;13;5
topic;13;5
touch;13;5
trouble;13;5
vary;13;5
accurate;12;5
advanced;12;5
bowl;12;5
bridge;12;5
campaign;12;5
cancel;12;5
capable;12;5
character;12;5
chemical;12;5
club;12;5
collection;12;5
cool;12;5
cry;12;5
dangerous;12;5
depression;12;5
dump;12;5
edge;12;5
evidence;12;5
extreme;12;5
fan;12;5
frequently;12;5
fully;12;5
generate;12;5
imagination;12;5
letter;12;5
lock;12;5
maximum;12;5
mostly;12;5
myself;12;5
naturally;12;5
nearly;12;5
novel;12;5
obtain;12;5
occasionally;12;5
option;12;5
organized;12;5
pack;12;5
park;12;5
passion;12;5
percentage;12;5
plenty;12;5
push;12;5
quarter;12;5
resource;12;5
select;12;5
setting;12;5
skin;12;5
sort;12;5
weight;12;5
accept;11;5
ad;11;5
agency;11;5
baby;11;5
background;11;5
carefully;11;5
carry;11;5
clearly;11;5
college;11;5
communicate;11;5
complain;11;5
conflict;11;5
connection;11;5
criticism;11;5
debt;11;5
depend;11;5
description;11;5
die;11;5
dish;11;5
dramatic;11;5
eat;11;5
efficient;11;5
enter;11;5
essentially;11;5
exact;11;5
factor;11;5
fair;11;5
fill;11;5
fine;11;5
formal;11;5
forward;11;5
fruit;11;5
glass;11;5
happen;11;5
indicate;11;5
joint;11;5
jump;11;5
kick;11;5
master;11;5
memory;11;5
muscle;11;5
opposite;11;5
pass;11;5
patience;11;5
pitch;11;5
possibly;11;5
powerful;11;5
red;11;5
remote;11;5
secretary;11;5
slightly;11;5
solution;11;5
somewhat;11;5
strength;11;5
suggest;11;5
survive;11;5
total;11;5
traffic;11;5
treat;11;5
trip;11;5
vast;11;5
vegetable;11;5
abuse;10;5
administration;10;5
appeal;10;5
appreciate;10;5
aspect;10;5
attitude;10;5
beat;10;5
burn;10;5
chart;10;5
compare;10;5
deposit;10;5
director;10;5
equally;10;5
foreign;10;5
gear;10;5
greatly;10;5
hungry;10;5
ideal;10;5
imagine;10;5
kitchen;10;5
land;10;5
log;10;5
lost;10;5
manage;10;5
mother;10;5
necessarily;10;5
net;10;5
party;10;5
personality;10;5
personally;10;5
practical;10;5
principle;10;5
print;10;5
psychological;10;5
psychology;10;5
raise;10;5
rarely;10;5
recommendation;10;5
regularly;10;5
relative;10;5
response;10;5
sale;10;5
season;10;5
selection;10;5
severe;10;5
signal;10;5
similarly;10;5
sleep;10;5
smooth;10;5
somewhere;10;5
spirit;10;5
storage;10;5
street;10;5
suitable;10;5
tree;10;5
version;10;5
wave;10;5
advance;9;4
alcohol;9;4
anywhere;9;4
argument;9;4
basically;9;4
belt;9;4
bench;9;4
closed;9;4
closely;9;4
commission;9;4
complaint;9;4
connect;9;4
consist;9;4
contract;9;4
contribute;9;4
copy;9;4
dark;9;4
differ;9;4
double;9;4
draw;9;4
drop;9;4
effectively;9;4
emphasis;9;4
encourage;9;4
equal;9;4
everybody;9;4
expand;9;4
firm;9;4
fix;9;4
frequent;9;4
highway;9;4
hire;9;4
initially;9;4
internal;9;4
join;9;4
kill;9;4
literally;9;4
loss;9;4
mainly;9;4
membership;9;4
merely;9;4
minimum;9;4
numerous;9;4
path;9;4
possession;9;4
preparation;9;4
progress;9;4
project;9;4
prove;9;4
react;9;4
recognize;9;4
relax;9;4
replace;9;4
sea;9;4
sensitive;9;4
sit;9;4
south;9;4
status;9;4
steak;9;4
stuff;9;4
sufficient;9;4
tap;9;4
ticket;9;4
tour;9;4
union;9;4
unusual;9;4
win;9;4
agreement;8;4
angle;8;4
attack;8;4
blue;8;4
borrow;8;4
breakfast;8;4
cancer;8;4
claim;8;4
confidence;8;4
consistent;8;4
constant;8;4
cultural;8;4
currency;8;4
daughter;8;4
degree;8;4
doctor;8;4
dot;8;4
drag;8;4
dream;8;4
drink;8;4
duty;8;4
earn;8;4
emphasize;8;4
employment;8;4
enable;8;4
engineering;8;4
entry;8;4
essay;8;4
existing;8;4
famous;8;4
father;8;4
fee;8;4
finance;8;4
gently;8;4
guess;8;4
hopefully;8;4
hour;8;4
interaction;8;4
juice;8;4
limit;8;4
luck;8;4
milk;8;4
minor;8;4
mixed;8;4
mixture;8;4
mouth;8;4
nor;8;4
operate;8;4
originally;8;4
peace;8;4
pipe;8;4
please;8;4
preference;8;4
previous;8;4
pull;8;4
pure;8;4
raw;8;4
reflect;8;4
region;8;4
republic;8;4
roughly;8;4
seat;8;4
send;8;4
significantly;8;4
soft;8;4
solid;8;4
stable;8;4
storm;8;4
substance;8;4
team;8;4
tradition;8;4
trick;8;4
virus;8;4
wear;8;4
weird;8;4
wonder;8;4
actor;7;4
afraid;7;4
afternoon;7;4
amazing;7;4
annual;7;4
anticipate;7;4
assume;7;4
bat;7;4
beach;7;4
blank;7;4
busy;7;4
catch;7;4
chain;7;4
classroom;7;4
consideration;7;4
count;7;4
cream;7;4
crew;7;4
dead;7;4
delivery;7;4
detail;7;4
detailed;7;4
device;7;4
difficulty;7;4
doubt;7;4
drama;7;4
election;7;4
engage;7;4
engine;7;4
enhance;7;4
examine;7;4
false;7;4
feed;7;4
football;7;4
forever;7;4
gold;7;4
guidance;7;4
hotel;7;4
impress;7;4
install;7;4
interview;7;4
kid;7;4
mark;7;4
match;7;4
mission;7;4
nobody;7;4
obvious;7;4
ourselves;7;4
owner;7;4
pain;7;4
participate;7;4
pleasure;7;4
priority;7;4
protection;7;4
repeat;7;4
round;7;4
score;7;4
screw;7;4
seek;7;4
sex;7;4
sharp;7;4
shop;7;4
shower;7;4
sing;7;4
slide;7;4
strip;7;4
suggestion;7;4
suit;7;4
tension;7;4
thick;7;4
tone;7;4
totally;7;4
twice;7;4
variation;7;4
whereas;7;4
window;7;4
wise;7;4
wish;7;4
agent;6;4
anxiety;6;4
atmosphere;6;4
awareness;6;4
band;6;4
bath;6;4
block;6;4
bone;6;4
bread;6;4
calendar;6;4
candidate;6;4
cap;6;4
careful;6;4
climate;6;4
coat;6;4
collect;6;4
combine;6;4
command;6;4
comparison;6;4
confusion;6;4
construction;6;4
contest;6;4
corner;6;4
court;6;4
cup;6;4
dig;6;4
district;6;4
divide;6;4
door;6;4
east;6;4
elevator;6;4
elsewhere;6;4
emotion;6;4
employee;6;4
employer;6;4
equivalent;6;4
everywhere;6;4
except;6;4
finger;6;4
garage;6;4
guarantee;6;4
guest;6;4
hang;6;4
height;6;4
himself;6;4
hole;6;4
hook;6;4
hunt;6;4
implement;6;4
initial;6;4
intend;6;4
introduce;6;4
latter;6;4
layer;6;4
leadership;6;4
lecture;6;4
lie;6;4
mall;6;4
manager;6;4
manner;6;4
march;6;4
married;6;4
meeting;6;4
mention;6;4
narrow;6;4
nearby;6;4
neither;6;4
nose;6;4
obviously;6;4
operation;6;4
parking;6;4
partner;6;4
perfectly;6;4
physically;6;4
profile;6;4
proud;6;4
recording;6;4
relate;6;4
respect;6;4
rice;6;4
routine;6;4
sample;6;4
schedule;6;4
settle;6;4
smell;6;4
somehow;6;4
spiritual;6;4
survey;6;4
swimming;6;4
telephone;6;4
tie;6;4
tip;6;4
transportation;6;4
unhappy;6;4
wild;6;4
winter;6;4
absolutely;5;4
acceptable;5;4
adult;5;4
aggressive;5;4
airline;5;4
apart;5;4
assure;5;4
attract;5;4
bag;5;4
battle;5;4
bed;5;4
bill;5;4
boring;5;4
bother;5;4
brief;5;4
cake;5;4
charity;5;4
code;5;4
cousin;5;4
crazy;5;4
curve;5;4
designer;5;4
dimension;5;4
disaster;5;4
distinct;5;4
distribute;5;4
dress;5;4
ease;5;4
eastern;5;4
editor;5;4
efficiency;5;4
emergency;5;4
escape;5;4
evening;5;4
excitement;5;4
expose;5;4
extension;5;4
extent;5;4
farm;5;4
feedback;5;4
fight;5;4
gap;5;4
gather;5;4
grade;5;4
guitar;5;4
hate;5;4
holiday;5;4
homework;5;4
horror;5;4
horse;5;4
host;5;4
husband;5;4
leader;5;4
loan;5;4
logical;5;4
mistake;5;4
mom;5;4
mountain;5;4
nail;5;4
noise;5;4
none;5;4
occasion;5;4
outcome;5;4
overcome;5;4
owe;5;4
package;5;4
patient;5;4
pause;5;4
permission;5;4
phrase;5;4
presentation;5;4
prior;5;4
promotion;5;4
proof;5;4
race;5;4
reasonable;5;4
reflection;5;4
refrigerator;5;4
relief;5;4
repair;5;4
resolution;5;4
revenue;5;4
rough;5;4
sad;5;4
sand;5;4
scratch;5;4
sentence;5;4
session;5;4
shoulder;5;4
sick;5;4
singer;5;4
smoke;5;4
stomach;5;4
strange;5;4
strict;5;4
strike;5;4
string;5;4
succeed;5;4
successfully;5;4
suddenly;5;4
suffer;5;4
surprised;5;4
tennis;5;4
throw;5;4
tourist;5;4
towel;5;4
truly;5;4
vacation;5;4
virtually;5;4
west;5;4
wheel;5;4
wine;5;4
acquire;4;3
adapt;4;3
adjust;4;3
administrative;4;3
altogether;4;3
anyway;4;3
argue;4;3
arise;4;3
arm;4;3
aside;4;3
associate;4;3
automatic;4;3
automatically;4;3
basket;4;3
bet;4;3
blow;4;3
bonus;4;3
border;4;3
branch;4;3
breast;4;3
brother;4;3
buddy;4;3
bunch;4;3
cabinet;4;3
childhood;4;3
chip;4;3
church;4;3
civil;4;3
clothes;4;3
coach;4;3
coffee;4;3
confirm;4;3
cross;4;3
deeply;4;3
definitely;4;3
deliberately;4;3
dinner;4;3
document;4;3
draft;4;3
drawing;4;3
dust;4;3
employ;4;3
encouraging;4;3
expert;4;3
external;4;3
floor;4;3
former;4;3
god;4;3
golf;4;3
habit;4;3
hair;4;3
hardly;4;3
hearing;4;3
hurt;4;3
illegal;4;3
incorporate;4;3
initiative;4;3
iron;4;3
judge;4;3
judgment;4;3
justify;4;3
knife;4;3
lab;4;3
landscape;4;3
laugh;4;3
lay;4;3
league;4;3
loud;4;3
mail;4;3
massive;4;3
measurement;4;3
mess;4;3
mobile;4;3
mode;4;3
mud;4;3
nasty;4;3
native;4;3
opening;4;3
orange;4;3
ordinary;4;3
organize;4;3
ought;4;3
parent;4;3
pattern;4;3
pin;4;3
poetry;4;3
police;4;3
pool;4;3
possess;4;3
possibility;4;3
pound;4;3
procedure;4;3
queen;4;3
ratio;4;3
readily;4;3
relation;4;3
relieve;4;3
request;4;3
respond;4;3
restaurant;4;3
retain;4;3
royal;4;3
salary;4;3
satisfaction;4;3
sector;4;3
senior;4;3
shame;4;3
shelter;4;3
shoe;4;3
shut;4;3
signature;4;3
significance;4;3
silver;4;3
somebody;4;3
song;4;3
southern;4;3
split;4;3
strain;4;3
struggle;4;3
super;4;3
swim;4;3
tackle;4;3
tank;4;3
terribly;4;3
tight;4;3
tooth;4;3
town;4;3
train;4;3
trust;4;3
unfair;4;3
unfortunately;4;3
upper;4;3
vehicle;4;3
visible;4;3
volume;4;3
wash;4;3
waste;4;3
wife;4;3
yellow;4;3
yours;4;3
accident;3;3
airport;3;3
alive;3;3
angry;3;3
appointment;3;3
arrival;3;3
assist;3;3
assumption;3;3
bake;3;3
bar;3;3
baseball;3;3
bell;3;3
bike;3;3
blame;3;3
boy;3;3
brick;3;3
calculate;3;3
chair;3;3
chapter;3;3
closet;3;3
clue;3;3
collar;3;3
comment;3;3
committee;3;3
compete;3;3
concerning;3;3
conference;3;3
consult;3;3
conversation;3;3
convert;3;3
crash;3;3
database;3;3
deliver;3;3
dependent;3;3
desperate;3;3
devil;3;3
diet;3;3
enthusiasm;3;3
error;3;3
exciting;3;3
explanation;3;3
extend;3;3
farmer;3;3
fear;3;3
fold;3;3
forth;3;3
friendly;3;3
fuel;3;3
funny;3;3
gate;3;3
girl;3;3
glove;3;3
grab;3;3
gross;3;3
hall;3;3
herself;3;3
hide;3;3
historian;3;3
hospital;3;3
ill;3;3
injury;3;3
instruction;3;3
investigate;3;3
jacket;3;3
lucky;3;3
lunch;3;3
maintenance;3;3
manufacturer;3;3
meal;3;3
miss;3;3
monitor;3;3
mortgage;3;3
negotiate;3;3
nurse;3;3
pace;3;3
panic;3;3
peak;3;3
perception;3;3
permit;3;3
pie;3;3
plane;3;3
poem;3;3
presence;3;3
proposal;3;3
provided;3;3
qualify;3;3
quote;3;3
realistic;3;3
reception;3;3
recover;3;3
replacement;3;3
resolve;3;3
retire;3;3
revolution;3;3
reward;3;3
rid;3;3
river;3;3
roll;3;3
row;3;3
sandwich;3;3
shock;3;3
sink;3;3
slip;3;3
son;3;3
sorry;3;3
spare;3;3
speech;3;3
spite;3;3
spray;3;3
surprise;3;3
suspect;3;3
sweet;3;3
swing;3;3
tea;3;3
till;3;3
transition;3;3
twist;3;3
ugly;3;3
unlikely;3;3
upstairs;3;3
usual;3;3
village;3;3
warning;3;3
weekend;3;3
weigh;3;3
welcome;3;3
winner;3;3
worker;3;3
writer;3;3
yard;3;3
abroad;2;3
alarm;2;3
anxious;2;3
arrive;2;3
assistance;2;3
attach;2;3
behave;2;3
bend;2;3
bicycle;2;3
bite;2;3
blind;2;3
bottle;2;3
brave;2;3
breath;2;3
briefly;2;3
buyer;2;3
cable;2;3
calm;2;3
candle;2;3
celebrate;2;3
chest;2;3
chocolate;2;3
clerk;2;3
cloud;2;3
comprehensive;2;3
concentrate;2;3
concert;2;3
conclusion;2;3
contribution;2;3
convince;2;3
cookie;2;3
counter;2;3
courage;2;3
curious;2;3
dad;2;3
desk;2;3
dirty;2;3
disagree;2;3
downtown;2;3
drawer;2;3
establish;2;3
establishment;2;3
estimate;2;3
examination;2;3
flower;2;3
garbage;2;3
grand;2;3
grandfather;2;3
grocery;2;3
harm;2;3
honest;2;3
honey;2;3
ignore;2;3
imply;2;3
impression;2;3
impressive;2;3
improvement;2;3
independence;2;3
informal;2;3
inner;2;3
insect;2;3
insist;2;3
inspection;2;3
inspector;2;3
king;2;3
knee;2;3
ladder;2;3
lawyer;2;3
leather;2;3
load;2;3
loose;2;3
male;2;3
menu;2;3
mine;2;3
mirror;2;3
moreover;2;3
neck;2;3
penalty;2;3
pension;2;3
piano;2;3
plate;2;3
pleasant;2;3
pleased;2;3
potato;2;3
profession;2;3
professor;2;3
prompt;2;3
proposed;2;3
purple;2;3
pursue;2;3
quantity;2;3
quiet;2;3
reaction;2;3
refuse;2;3
regret;2;3
remaining;2;3
requirement;2;3
reveal;2;3
ruin;2;3
rush;2;3
salad;2;3
sexual;2;3
shake;2;3
shift;2;3
shine;2;3
ship;2;3
sister;2;3
skirt;2;3
slice;2;3
snow;2;3
specialist;2;3
specify;2;3
steal;2;3
stroke;2;3
strongly;2;3
suck;2;3
sudden;2;3
supermarket;2;3
surround;2;3
switch;2;3
terrible;2;3
tired;2;3
tongue;2;3
trash;2;3
tune;2;3
unable;2;3
warn;2;3
weak;2;3
weakness;2;3
wedding;2;3
wooden;2;3
worried;2;3
yeah;2;3
zone;2;3
accuse;1;2
admire;1;2
admit;1;2
adopt;1;2
affair;1;2
ambition;1;2
analyst;1;2
anger;1;2
announce;1;2
anybody;1;2
apologize;1;2
apple;1;2
approve;1;2
asleep;1;2
assignment;1;2
assistant;1;2
attend;1;2
award;1;2
bathroom;1;2
bear;1;2
bedroom;1;2
beer;1;2
belong;1;2
bid;1;2
birthday;1;2
bitter;1;2
boot;1;2
brilliant;1;2
bug;1;2
camp;1;2
candy;1;2
carpet;1;2
cat;1;2
celebration;1;2
champion;1;2
championship;1;2
channel;1;2
cheek;1;2
client;1;2
clock;1;2
comfort;1;2
commit;1;2
confident;1;2
conscious;1;2
consequence;1;2
cow;1;2
crack;1;2
criticize;1;2
dare;1;2
dear;1;2
decent;1;2
delay;1;2
departure;1;2
deserve;1;2
destroy;1;2
diamond;1;2
dirt;1;2
disappointed;1;2
drunk;1;2
ear;1;2
embarrassed;1;2
empty;1;2
engineer;1;2
entrance;1;2
fault;1;2
female;1;2
fortune;1;2
friendship;1;2
funeral;1;2
gene;1;2
girlfriend;1;2
grass;1;2
guilty;1;2
guy;1;2
hat;1;2
hell;1;2
hesitate;1;2
highlight;1;2
honestly;1;2
hurry;1;2
illustrate;1;2
incident;1;2
indication;1;2
inevitable;1;2
inform;1;2
intention;1;2
invite;1;2
island;1;2
joke;1;2
jury;1;2
kiss;1;2
lady;1;2
leg;1;2
lip;1;2
lonely;1;2
mad;1;2
manufacturing;1;2
marry;1;2
mate;1;2
midnight;1;2
motor;1;2
neat;1;2
negotiation;1;2
nerve;1;2
nervous;1;2
nowhere;1;2
obligation;1;2
odd;1;2
ok;1;2
passage;1;2
passenger;1;2
pen;1;2
persuade;1;2
pizza;1;2
platform;1;2
poet;1;2
pollution;1;2
pop;1;2
pour;1;2
pray;1;2
pretend;1;2
previously;1;2
pride;1;2
priest;1;2
prize;1;2
promise;1;2
propose;1;2
punch;1;2
quit;1;2
recognition;1;2
remarkable;1;2
remind;1;2
reply;1;2
representative;1;2
reputation;1;2
resident;1;2
resist;1;2
resort;1;2
ring;1;2
rip;1;2
roof;1;2
rope;1;2
rub;1;2
sail;1;2
scheme;1;2
script;1;2
shall;1;2
shirt;1;2
silly;1;2
sir;1;2
slight;1;2
smart;1;2
smile;1;2
sock;1;2
speaker;1;2
spell;1;2
station;1;2
stranger;1;2
stretch;1;2
stupid;1;2
submit;1;2
substantial;1;2
suppose;1;2
surgery;1;2
suspicious;1;2
sympathy;1;2
tale;1;2
tall;1;2
tear;1;2
temporary;1;2
throat;1;2
tiny;1;2
toe;1;2
tomorrow;1;2
tower;1;2
trainer;1;2
translate;1;2
truck;1;2
uncle;1;2
wake;1;2
weekly;1;2
whoever;1;2
witness;1;2
wrap;1;2
yesterday;1;2
youth;1;2
